{
  "D1": 3.084226417680241,
  "D2": 3.7887983334232747,
  "D3": 3.0746764812666414,
  "D4": 3.7763085996220425,
  "D5": 4.732770853017537
}