{
  "config": {
    "n_grid": 14,
    "M": 20.0,
    "n_report": 400,
    "reps_cheap": 8000,
    "reps_generic": 2000,
    "n_list_cheap": [
      50,
      100,
      200,
      400,
      800
    ],
    "n_list_generic": [
      50,
      100,
      200,
      400,
      800
    ],
    "n_draw_limit": 20000,
    "pool_size": 20000,
    "slice_n_list": [
      50,
      200,
      800
    ],
    "slice_reps": 1500,
    "slice_t": [
      0.3,
      0.75,
      1.2,
      1.65,
      2.1,
      2.55,
      3.0
    ],
    "boot": 400,
    "seed": 20240629
  },
  "table": [
    {
      "key": "D1",
      "label": "Linear / Ridge",
      "model": "linear",
      "penalty": "Ridge",
      "p": 10,
      "n": 50,
      "reps": 8000,
      "Delta_IF": 0.21993514615471108,
      "Delta_IF_se": 0.0010864709715974893,
      "Delta_CV": 0.7634938889060815,
      "Delta_CV_se": 0.006305385703418446,
      "Delta_tune": 0.15386755135156838,
      "Delta_tune_se": 0.0021039837613092073,
      "R_n": 3.4125111418034098,
      "R_n_se": 0.01638126173630591,
      "R": 3.084226417680241,
      "Delta_R": 0.32828472412316856
    },
    {
      "key": "D1",
      "label": "Linear / Ridge",
      "model": "linear",
      "penalty": "Ridge",
      "p": 10,
      "n": 100,
      "reps": 8000,
      "Delta_IF": 0.11069070704058614,
      "Delta_IF_se": 0.0005750570039915928,
      "Delta_CV": 0.4715364634778663,
      "Delta_CV_se": 0.004006958062936707,
      "Delta_tune": 0.10583736772087828,
      "Delta_tune_se": 0.0015830279015969406,
      "R_n": 3.222837000317389,
      "R_n_se": 0.015143518324494796,
      "R": 3.084226417680241,
      "Delta_R": 0.13861058263714776
    },
    {
      "key": "D1",
      "label": "Linear / Ridge",
      "model": "linear",
      "penalty": "Ridge",
      "p": 10,
      "n": 200,
      "reps": 8000,
      "Delta_IF": 0.05503774467955971,
      "Delta_IF_se": 0.00029506757358906767,
      "Delta_CV": 0.3046345671433374,
      "Delta_CV_se": 0.0026412098889563524,
      "Delta_tune": 0.07384778051600459,
      "Delta_tune_se": 0.001308116853335385,
      "R_n": 3.150525060303514,
      "R_n_se": 0.014092113939962021,
      "R": 3.084226417680241,
      "Delta_R": 0.06629864262327301
    },
    {
      "key": "D1",
      "label": "Linear / Ridge",
      "model": "linear",
      "penalty": "Ridge",
      "p": 10,
      "n": 400,
      "reps": 8000,
      "Delta_IF": 0.02755718970701004,
      "Delta_IF_se": 0.00013992323443931003,
      "Delta_CV": 0.20821639346859003,
      "Delta_CV_se": 0.001718225657536009,
      "Delta_tune": 0.052316670709503924,
      "Delta_tune_se": 0.0009682348329127776,
      "R_n": 3.1099787781998973,
      "R_n_se": 0.014306809766642522,
      "R": 3.084226417680241,
      "Delta_R": 0.025752360519656126
    },
    {
      "key": "D1",
      "label": "Linear / Ridge",
      "model": "linear",
      "penalty": "Ridge",
      "p": 10,
      "n": 800,
      "reps": 8000,
      "Delta_IF": 0.013697111070376996,
      "Delta_IF_se": 7.418459444720468e-05,
      "Delta_CV": 0.14410270701765324,
      "Delta_CV_se": 0.0013488418281980144,
      "Delta_tune": 0.035344144687470436,
      "Delta_tune_se": 0.0008209784301758943,
      "R_n": 3.088293218167536,
      "R_n_se": 0.01371909411681097,
      "R": 3.084226417680241,
      "Delta_R": 0.004066800487295019
    },
    {
      "key": "D2",
      "label": "Linear / Lasso (sparse)",
      "model": "linear",
      "penalty": "Lasso",
      "p": 10,
      "n": 50,
      "reps": 2000,
      "Delta_IF": 0.21909584940894056,
      "Delta_IF_se": 0.002267693490947508,
      "Delta_CV": 0.5967453321598796,
      "Delta_CV_se": 0.007999462279564032,
      "Delta_tune": 0.19845235866604788,
      "Delta_tune_se": 0.006407305389952703,
      "R_n": 4.577540542635328,
      "R_n_se": 0.06340568453626375,
      "R": 3.7887983334232747,
      "Delta_R": 0.7887422092120531
    },
    {
      "key": "D2",
      "label": "Linear / Lasso (sparse)",
      "model": "linear",
      "penalty": "Lasso",
      "p": 10,
      "n": 100,
      "reps": 2000,
      "Delta_IF": 0.10931651704450833,
      "Delta_IF_se": 0.0011197092094455568,
      "Delta_CV": 0.40001271336415684,
      "Delta_CV_se": 0.005192768638212097,
      "Delta_tune": 0.15863198671513046,
      "Delta_tune_se": 0.006119323799925077,
      "R_n": 4.159195571824514,
      "R_n_se": 0.060521176489127214,
      "R": 3.7887983334232747,
      "Delta_R": 0.3703972384012397
    },
    {
      "key": "D2",
      "label": "Linear / Lasso (sparse)",
      "model": "linear",
      "penalty": "Lasso",
      "p": 10,
      "n": 200,
      "reps": 2000,
      "Delta_IF": 0.05507322801967353,
      "Delta_IF_se": 0.0005888514832899923,
      "Delta_CV": 0.287768459116885,
      "Delta_CV_se": 0.003657672595257605,
      "Delta_tune": 0.12513044512310517,
      "Delta_tune_se": 0.004519088448677755,
      "R_n": 3.9307276259233923,
      "R_n_se": 0.05681105468714153,
      "R": 3.7887983334232747,
      "Delta_R": 0.14192929250011765
    },
    {
      "key": "D2",
      "label": "Linear / Lasso (sparse)",
      "model": "linear",
      "penalty": "Lasso",
      "p": 10,
      "n": 400,
      "reps": 2000,
      "Delta_IF": 0.027850755408224716,
      "Delta_IF_se": 0.0003138004524912751,
      "Delta_CV": 0.22645433152410177,
      "Delta_CV_se": 0.002830951126183774,
      "Delta_tune": 0.1108911905672218,
      "Delta_tune_se": 0.00493979463248743,
      "R_n": 3.8846801222452654,
      "R_n_se": 0.054739539856122385,
      "R": 3.7887983334232747,
      "Delta_R": 0.09588178882199072
    },
    {
      "key": "D2",
      "label": "Linear / Lasso (sparse)",
      "model": "linear",
      "penalty": "Lasso",
      "p": 10,
      "n": 800,
      "reps": 2000,
      "Delta_IF": 0.013626580826755852,
      "Delta_IF_se": 0.0001655630720577371,
      "Delta_CV": 0.182240762788672,
      "Delta_CV_se": 0.002078200975051637,
      "Delta_tune": 0.08876786991135827,
      "Delta_tune_se": 0.004966866041608297,
      "R_n": 3.866024152539003,
      "R_n_se": 0.052527902869080184,
      "R": 3.7887983334232747,
      "Delta_R": 0.07722581911572846
    },
    {
      "key": "D3",
      "label": "Logit / Ridge",
      "model": "logit",
      "penalty": "Ridge",
      "p": 10,
      "n": 50,
      "reps": 2000,
      "Delta_IF": 0.9999999941500485,
      "Delta_IF_se": 0.11456687973460208,
      "Delta_CV": 1.00000000000213,
      "Delta_CV_se": 0.05841937292028577,
      "Delta_tune": 0.14792899620979233,
      "Delta_tune_se": 0.04619582736504993,
      "R_n": 3.0792757494509098,
      "R_n_se": 0.036666345114197724,
      "R": 3.0746764812666414,
      "Delta_R": 0.004599268184268368
    },
    {
      "key": "D3",
      "label": "Logit / Ridge",
      "model": "logit",
      "penalty": "Ridge",
      "p": 10,
      "n": 100,
      "reps": 2000,
      "Delta_IF": 0.17046133204727387,
      "Delta_IF_se": 0.002305810957362997,
      "Delta_CV": 0.9392430736068034,
      "Delta_CV_se": 0.005635191421556206,
      "Delta_tune": 0.2125962471057671,
      "Delta_tune_se": 0.003098610720589098,
      "R_n": 2.9776667335332614,
      "R_n_se": 0.02600030349986699,
      "R": 3.0746764812666414,
      "Delta_R": 0.09700974773338
    },
    {
      "key": "D3",
      "label": "Logit / Ridge",
      "model": "logit",
      "penalty": "Ridge",
      "p": 10,
      "n": 200,
      "reps": 2000,
      "Delta_IF": 0.07361601100185618,
      "Delta_IF_se": 0.0010177090422684482,
      "Delta_CV": 0.5601952570069897,
      "Delta_CV_se": 0.0047071500511269414,
      "Delta_tune": 0.11013674310041509,
      "Delta_tune_se": 0.002600116822212779,
      "R_n": 2.9847838220934895,
      "R_n_se": 0.026253663834995247,
      "R": 3.0746764812666414,
      "Delta_R": 0.08989265917315192
    },
    {
      "key": "D3",
      "label": "Logit / Ridge",
      "model": "logit",
      "penalty": "Ridge",
      "p": 10,
      "n": 400,
      "reps": 2000,