{
  "t": [
    0.3,
    0.75,
    1.2,
    1.65,
    2.1,
    2.55,
    3.0
  ],
  "limit": [
    0.3710575912799378,
    0.5900591499262883,
    0.9548936065900602,
    1.432583640592037,
    1.9751031899096778,
    2.4724469669382225,
    2.940605063363145
  ],
  "curves": {
    "50": [
      0.49729030789925704,
      0.7007528858745512,
      1.0501559940480898,
      1.5664556460638646,
      2.147995420964627,
      2.7491637685581094,
      3.227066383032725
    ],
    "200": [
      0.41942921795393007,
      0.5854387666046892,
      0.9971822268737437,
      1.473183054585208,
      1.9846253999483852,
      2.5281591988880314,
      2.966535032655372
    ],
    "800": [
      0.35676566779153,
      0.5788544116473328,
      0.999584778234228,
      1.4737164050715936,
      1.9711055667551707,
      2.450621580860734,
      2.944192559837264
    ]
  }
}